n_feats_to_train_with,XGBoost,Random Forsest,AdaBoost,LGBM,Vanilla NN,NN with regularization,KNN,Random Forest,XGBoost std,Random Forest std,AdaBoost std,LGBM std,Vanilla NN std,NN with regularization std,KNN std
4,0.9963636363636363,,0.9963636363636363,0.9963636363636363,0.9927272796630859,0.9709091186523438,1.0,0.9890909090909091,0.0,0.0,0.0,0.0,0.0,0.0,0.0
3,0.7936363636363637,,0.87,0.8527272727272727,0.8481818288564682,0.8963636457920074,0.980909090909091,0.8699999999999999,0.21214956520466624,0.09445362673452931,0.08083755775505376,0.10862019659086433,0.0962907060667679,0.0403701775253,0.011887906209656383
2,0.6103030303030303,,0.7466666666666667,0.7272727272727272,0.7315151542425156,0.7812121162811915,0.8787878787878788,0.7484848484848485,0.20408410373122143,0.15406937962286257,0.1394782353813212,0.14971046436537383,0.14063871096265612,0.13963221161868916,0.08135672336751436
1,0.4727272727272727,,0.65,0.6327272727272728,0.6618181690573692,0.6227272748947144,0.7227272727272728,0.6336363636363636,0.10707223174062153,0.14459690336521702,0.1441618695359462,0.14309448996328,0.14638340319301227,0.1602142256510392,0.11402116665900673
