n_feats_to_train_with,XGBoost,Random Forsest,AdaBoost,LGBM,Vanilla NN,NN with regularization,KNN,Random Forest,XGBoost std,Random Forest std,AdaBoost std,LGBM std,Vanilla NN std,NN with regularization std,KNN std
4,0.7133333333333334,,0.76,0.72,0.753333330154419,0.753333330154419,0.76,0.74,0.0,0.0,0.0,0.0,0.0,0.0,0.0
3,0.7266666666666666,,0.7433333333333332,0.75,0.753333330154419,0.753333330154419,0.7383333333333333,0.7466666666666666,0.035590260840104374,0.020000000000000007,0.017320508075688794,0.007453559924999297,0.0,0.0,0.03632415786283895
2,0.7422222222222222,,0.7322222222222221,0.7388888888888889,0.753333330154419,0.753333330154419,0.7455555555555556,0.7577777777777778,0.016178021976178927,0.04103596736137644,0.017391639824998372,0.04044505494044732,0.0,0.0,0.0267821573182088
1,0.75,,0.7383333333333334,0.6633333333333333,0.753333330154419,0.753333330154419,0.6733333333333333,0.69,0.005773502691896247,0.06936217348894935,0.022298480267099432,0.05343739847293797,0.0,0.0,0.07688375063113866
