n_feats_to_train_with,XGBoost,Random Forsest,AdaBoost,LGBM,Vanilla NN,NN with regularization,KNN,Random Forest,XGBoost std,Random Forest std,AdaBoost std,LGBM std,Vanilla NN std,NN with regularization std,KNN std
8,0.8376623376623377,,0.8051948051948052,0.8246753246753247,0.7922077775001526,0.7922077775001526,0.7662337662337663,0.8116883116883117,0.0,0.0,0.0,0.0,0.0,0.0,0.0
7,0.7938311688311689,,0.7711038961038961,0.775974025974026,0.7849025875329971,0.7792207673192024,0.762987012987013,0.7946428571428572,0.02862855858530583,0.04474604367642119,0.041547025623603025,0.039498457988949486,0.01959852326425459,0.024938778294757165,0.023186455936827458
6,0.7629870129870131,,0.7460575139146568,0.7541743970315399,0.7738868232284274,0.7608998055968966,0.7474489795918365,0.7759740259740261,0.033584676729833125,0.05524934552945101,0.05290569324527096,0.04858409786706309,0.031719266773951954,0.032283956947204026,0.039966135917776646
5,0.7388682745825602,,0.7270408163265307,0.7320269016697587,0.7593923913581031,0.7479127975446838,0.7300556586270872,0.749652133580705,0.03767821393259053,0.06431662413107621,0.060604236449142077,0.04988498251214718,0.039772377232575845,0.04170722373995673,0.056086021389090225
4,0.7234848484848483,,0.7151515151515152,0.7135281385281385,0.7479437192281088,0.7338744560877483,0.7082251082251082,0.7226190476190476,0.039592495899182345,0.06582818341012461,0.06101209073603125,0.04702141207105601,0.040577765047309186,0.04801816835015638,0.06168109625911709
3,0.7070964749536177,,0.7065166975881262,0.698399814471243,0.7261131714497294,0.7173005576644625,0.6850649350649352,0.694225417439703,0.03417756834841925,0.06612177208117263,0.05521416831121688,0.04084645724395504,0.044687851516017,0.048062663621295514,0.0652012170785722
2,0.6964285714285714,,0.7031539888682746,0.6957328385899816,0.7105751399482999,0.7031539912734713,0.6660482374768087,0.6755565862708721,0.022735553752407163,0.05904354313926423,0.04271696388294341,0.02584116563484994,0.03886151294659755,0.043727357341634805,0.0561128650643288
1,0.6883116883116883,,0.6996753246753247,0.6939935064935064,0.6956168860197067,0.6931818202137947,0.640422077922078,0.6810064935064934,0.0,0.023955121044437817,0.02988953350571748,0.010980315956549242,0.032538471663281665,0.034475255822850534,0.04771042860287531
