n_feats_to_train_with,XGBoost,Random Forsest,AdaBoost,LGBM,Vanilla NN,NN with regularization,KNN,Random Forest,XGBoost std,Random Forest std,AdaBoost std,LGBM std,Vanilla NN std,NN with regularization std,KNN std
7,0.8088235294117647,,0.5,0.8235294117647058,0.6176470518112183,0.779411792755127,0.7794117647058824,0.8088235294117647,0.0,0.0,0.0,0.0,0.0,0.0,0.0
6,0.7058823529411765,,0.4789915966386555,0.7668067226890756,0.6008403301239014,0.7563025270189557,0.7457983193277311,0.7457983193277311,0.0988065211454189,0.04564193483697568,0.045738531632515206,0.0659677246559142,0.025384551318118752,0.04772192502422197,0.03400507154671983
5,0.6169467787114846,,0.45868347338935567,0.7051820728291317,0.5882352945350465,0.7058823591186887,0.6925770308123249,0.6904761904761905,0.11065312165324193,0.058556148348366595,0.057873819359648124,0.08423179245801062,0.039303121999005916,0.06122547442237025,0.05863147251802375
4,0.5390756302521009,,0.43907563025210083,0.638655462184874,0.5701680651732853,0.6554621926375798,0.6373949579831932,0.6331932773109243,0.10296775510078396,0.07306093255515349,0.062108174365943195,0.09454248354486397,0.052269987787027385,0.07292065255084543,0.06806982047138903
3,0.4735294117647059,,0.42016806722689076,0.5718487394957984,0.5432773113250733,0.5890756343092237,0.5873949579831934,0.5714285714285715,0.08302546524643538,0.08078816954476802,0.060815608513151785,0.09405009580616937,0.06481492333674,0.07661128819500622,0.07977220233411829
2,0.42296918767506997,,0.4019607843137255,0.5091036414565826,0.5035014038994199,0.523109244448798,0.5140056022408964,0.5056022408963585,0.05863147251802374,0.0776142913305177,0.054333794793475686,0.08616576143009537,0.07116720792568441,0.06935956294814895,0.10273851504253953
1,0.38865546218487396,,0.38445378151260506,0.44747899159663873,0.4432773121765682,0.4558823449271066,0.43697478991596644,0.43697478991596644,0.04073680552450696,0.06074299283529814,0.04116789483669206,0.07775947698874683,0.06358297181335446,0.06139344038114564,0.08492177702272156
