n_feats_to_train_with,XGBoost,Random Forsest,AdaBoost,LGBM,Vanilla NN,NN with regularization,KNN,Random Forest,XGBoost std,Random Forest std,AdaBoost std,LGBM std,Vanilla NN std,NN with regularization std,KNN std
4,0.9333333333333333,,0.9666666666666667,0.9333333333333333,0.9333333373069763,0.8666666746139526,0.9333333333333333,0.9333333333333333,0.0,0.0,0.0,0.0,0.0,0.0,0.0
3,0.7416666666666667,,0.7333333333333333,0.7749999999999999,0.7749999910593033,0.8499999940395355,0.8999999999999999,0.7666666666666667,0.2772634126602354,0.16666666666666669,0.27284509239574833,0.20463381929681126,0.12555431253204627,0.07637625377851882,0.05773502691896257
2,0.5333333333333333,,0.5444444444444444,0.6,0.6444444457689921,0.7444444447755814,0.8722222222222222,0.5444444444444444,0.28087165910587863,0.2051798368068821,0.2601044424604361,0.23648662948658628,0.11967031545801557,0.15713484038075223,0.07049209744694179
1,0.3416666666666666,,0.39999999999999997,0.42500000000000004,0.5250000134110451,0.5666666775941849,0.7749999999999999,0.3416666666666667,0.12990381056766578,0.07216878364870323,0.1732050807568877,0.21650635094610965,0.11149240916897822,0.2027587536229922,0.20866640042581525
