n_feats_to_train_with,XGBoost,Random Forsest,AdaBoost,LGBM,Vanilla NN,NN with regularization,KNN
3,0.97,0.99,0.98,0.99,0.9599999785423279,0.9900000095367432,0.97
2,0.58,0.7933333333333333,0.7666666666666666,0.7999999999999999,0.7933333516120911,0.8133333325386047,0.7866666666666667
1,0.49,0.67,0.6633333333333334,0.6766666666666667,0.700000007947286,0.6933333277702332,0.66
