n_feats_to_train_with,XGBoost,Random Forsest,AdaBoost,LGBM,Vanilla NN,NN with regularization,KNN
3,0.979,0.978,0.977,0.987,0.9959999918937683,0.9649999737739563,0.982
2,0.555,0.7943333333333333,0.7956666666666666,0.7956666666666666,0.7983333468437195,0.7986666758855184,0.7883333333333332
1,0.488,0.6923333333333334,0.6943333333333334,0.6923333333333334,0.6916666626930237,0.6903333067893982,0.6526666666666666
