n_feats_to_train_with,XGBoost,Random Forsest,AdaBoost,LGBM,Vanilla NN,NN with regularization,KNN
3,0.984,0.983,0.971,0.984,0.9419999718666077,0.9399999976158142,0.985
2,0.5293333333333333,0.8250000000000001,0.8306666666666667,0.8266666666666667,0.8213333487510681,0.8306666612625122,0.8170000000000001
1,0.496,0.6716666666666667,0.6793333333333335,0.6706666666666666,0.6756666700045267,0.6770000060399374,0.6463333333333333
