n_feats_to_train_with,XGBoost,Random Forsest,AdaBoost,LGBM,Vanilla NN,NN with regularization,KNN
3,1.0,1.0,1.0,0.9,0.800000011920929,1.0,0.9
2,0.6,0.8333333333333334,0.8666666666666666,0.8333333333333334,0.8666666547457377,0.8666666547457377,0.7333333333333334
1,0.4000000000000001,0.6999999999999998,0.6666666666666666,0.6666666666666666,0.700000007947286,0.700000007947286,0.5
