n_feats_to_train_with,XGBoost,Random Forsest,AdaBoost,LGBM,Vanilla NN,NN with regularization,KNN,Random Forest,XGBoost std,Random Forest std,AdaBoost std,LGBM std,Vanilla NN std,NN with regularization std,KNN std
3,0.97,,0.96,0.97,0.8999999761581421,0.9100000262260437,0.93,0.98,0.0,0.0,0.0,0.0,0.0,0.0,0.0
2,0.5866666666666666,,0.8066666666666666,0.8033333333333333,0.7866666714350382,0.8066666722297668,0.8000000000000002,0.7999999999999999,0.016996731711975962,0.01414213562373091,0.00942809041582059,0.012472191289246433,0.012472205944860338,0.030912077162957644,0.016329931618554488
1,0.57,,0.6366666666666667,0.65,0.653333326180776,0.6500000158945719,0.65,0.66,0.021602468994692835,0.008164965809277268,0.016996731711975962,0.016329931618554536,0.028674415616719486,0.014142150234638435,0.053541261347363374
