n_feats_to_train_with,XGBoost,Random Forsest,AdaBoost,LGBM,Vanilla NN,NN with regularization,KNN,Random Forest,XGBoost std,Random Forest std,AdaBoost std,LGBM std,Vanilla NN std,NN with regularization std,KNN std
7,0.9825,,0.7625,0.99,0.9750000238418579,0.9750000238418579,0.9875,0.9775,0.0,0.0,0.0,0.0,0.0,0.0,0.0
6,0.8799999999999999,,0.6528571428571429,0.8825000000000001,0.955000000340598,0.9642857142857143,0.9739285714285714,0.8946428571428571,0.14995237339140147,0.1425120832685812,0.12765346906083397,0.18295198433312654,0.021213198257566786,0.013276886735049427,0.014258903412626521
5,0.7607142857142858,,0.5470238095238094,0.7616666666666666,0.897023808388483,0.9161904766446068,0.9547619047619048,0.7896428571428571,0.20536573480990838,0.20224231946433202,0.15789089634108827,0.25016581802463844,0.07437685046224586,0.06744759428675809,0.027504380191257085
4,0.6388571428571428,,0.4507857142857143,0.6379285714285714,0.7948571418012892,0.8233571461268834,0.9260000000000002,0.6717142857142857,0.22142101369590567,0.22979787036543614,0.15551156528945204,0.2700148710946212,0.12322300221834341,0.12637521082116146,0.04731052435014554
3,0.5231428571428571,,0.3699285714285715,0.5149285714285714,0.6612857094832829,0.682071429491043,0.8705714285714286,0.5532857142857143,0.20716482642119163,0.22697370161428349,0.12805061180515095,0.25083110831385963,0.14368041319902963,0.17363805477158611,0.08047423215425126
2,0.41797619047619045,,0.3102380952380952,0.401547619047619,0.5154761828127361,0.5157142835003989,0.7576190476190476,0.4428571428571429,0.16451700420078716,0.19896650488971054,0.08074395437307028,0.19246130747577145,0.13149238840547361,0.1696918502440722,0.12395870133713167
1,0.3317857142857143,,0.2775,0.31428571428571433,0.36928571122033255,0.36499999676431927,0.5760714285714287,0.35714285714285715,0.11007071011168137,0.1489272867364939,0.0,0.09010622982380975,0.07465054216443667,0.1089724748582683,0.15330208939295284
